-- ============================================================
-- MES V3 жЁЎжӢҹж•°жҚ®и„ҡжң¬пјҲе®Ңж•ҙзүҲпјү
-- ж•°жҚ®еә“: mes_prod
-- з”ҹжҲҗж—Ҙжңҹ: 2026-05-25 21:35:04
-- ============================================================

USE `mes_prod`;

-- ============================================================
-- дёҖгҖҒзі»з»ҹеҹәзЎҖж•°жҚ®
-- ============================================================

INSERT INTO `sys_department` (`dept_id`, `dept_name`, `parent_id`, `manager_id`, `status`) VALUES
('DEPT-PROD', 'з”ҹдә§йғЁ', NULL, 'USR-001', 'Active'),
('DEPT-QA', 'е“ҒиҙЁйғЁ', NULL, 'USR-002', 'Active'),
('DEPT-ENG', 'е·ҘзЁӢйғЁ', NULL, 'USR-003', 'Active'),
('DEPT-WH', 'д»“еӮЁйғЁ', NULL, 'USR-004', 'Active'),
('DEPT-PM', 'и®ЎеҲ’йғЁ', NULL, 'USR-013', 'Active'),
('DEPT-SAW', 'еҲҮеүІзҸӯз»„', 'DEPT-PROD', 'USR-005', 'Active'),
('DEPT-DA', 'иҙҙзүҮзҸӯз»„', 'DEPT-PROD', 'USR-006', 'Active'),
('DEPT-WB', 'з„ҠзәҝзҸӯз»„', 'DEPT-PROD', 'USR-007', 'Active'),
('DEPT-MOLD', 'еЎ‘е°ҒзҸӯз»„', 'DEPT-PROD', 'USR-008', 'Active'),
('DEPT-FT', 'жөӢиҜ•зҸӯз»„', 'DEPT-PROD', 'USR-009', 'Active'),
('DEPT-OQC', 'еҮәиҙ§жЈҖйӘҢзҸӯз»„', 'DEPT-QA', 'USR-014', 'Active'),
('DEPT-MAINT', 'и®ҫеӨҮз»ҙжҠӨз»„', 'DEPT-ENG', 'USR-015', 'Active'),
('DEPT-PMC', 'еҗҺеӣәеҢ–зҸӯз»„', 'DEPT-PROD', 'USR-021', 'Active'),
('DEPT-LASER', 'жү“ж ҮзҸӯз»„', 'DEPT-PROD', 'USR-022', 'Active'),
('DEPT-SING', 'еҲҶжқЎзҸӯз»„', 'DEPT-PROD', 'USR-023', 'Active');

INSERT INTO `sys_role` (`role_id`, `role_name`, `description`, `level`) VALUES
('ROLE-ADMIN', 'зі»з»ҹз®ЎзҗҶе‘ҳ', 'зі»з»ҹжңҖй«ҳжқғйҷҗ', 3),
('ROLE-ENG', 'е·ҘзЁӢеёҲ', 'е·ҘзЁӢ/е·Ҙиүәе·ҘзЁӢеёҲ', 2),
('ROLE-QA', 'е“ҒиҙЁе·ҘзЁӢеёҲ', 'е“ҒиҙЁжЈҖйӘҢдёҺж”ҫиЎҢ', 2),
('ROLE-SUPERVISOR', 'зҸӯз»„й•ҝ', 'дә§зәҝзҸӯз»„й•ҝ', 1),
('ROLE-OPERATOR', 'ж“ҚдҪңе‘ҳ', 'дә§зәҝж“ҚдҪңе‘ҳ', 0),
('ROLE-PLANNER', 'и®ЎеҲ’е‘ҳ', 'з”ҹдә§и®ЎеҲ’жҺ’зЁӢ', 1),
('ROLE-MANAGER', 'йғЁй—Ёз»ҸзҗҶ', 'йғЁй—Ёз®ЎзҗҶ', 2);

INSERT INTO `sys_user` (`user_id`, `user_name`, `role_id`, `dept_id`, `shift`, `is_active`) VALUES
('USR-001', 'еј з»ҸзҗҶ', 'ROLE-ADMIN', 'DEPT-PROD', 'A', 1),
('USR-002', 'жқҺе“ҒиҙЁ', 'ROLE-QA', 'DEPT-QA', 'A', 1),
('USR-003', 'зҺӢе·ҘзЁӢ', 'ROLE-ENG', 'DEPT-ENG', 'A', 1),
('USR-004', 'иөөд»“еӮЁ', 'ROLE-SUPERVISOR', 'DEPT-WH', 'A', 1),
('USR-005', 'еӯҷеҲҮеүІ', 'ROLE-SUPERVISOR', 'DEPT-SAW', 'A', 1),
('USR-006', 'е‘ЁиҙҙзүҮ', 'ROLE-SUPERVISOR', 'DEPT-DA', 'B', 1),
('USR-007', 'еҗҙз„Ҡзәҝ', 'ROLE-SUPERVISOR', 'DEPT-WB', 'A', 1),
('USR-008', 'йғ‘еЎ‘е°Ғ', 'ROLE-SUPERVISOR', 'DEPT-MOLD', 'B', 1),
('USR-009', 'йҷҲжөӢиҜ•', 'ROLE-SUPERVISOR', 'DEPT-FT', 'C', 1),
('USR-010', 'еҲҳж“ҚдҪңе‘ҳ', 'ROLE-OPERATOR', 'DEPT-SAW', 'A', 1),
('USR-011', 'й»„ж“ҚдҪңе‘ҳ', 'ROLE-OPERATOR', 'DEPT-DA', 'A', 1),
('USR-012', 'жһ—ж“ҚдҪңе‘ҳ', 'ROLE-OPERATOR', 'DEPT-WB', 'B', 1),
('USR-013', 'дҪ•и®ЎеҲ’', 'ROLE-PLANNER', 'DEPT-PM', 'A', 1),
('USR-014', 'й’ұжЈҖйӘҢ', 'ROLE-QA', 'DEPT-OQC', 'A', 1),
('USR-015', 'й©¬з»ҙжҠӨ', 'ROLE-ENG', 'DEPT-MAINT', 'B', 1),
('USR-016', 'жқЁж“ҚдҪңе‘ҳ', 'ROLE-OPERATOR', 'DEPT-MOLD', 'A', 1),
('USR-017', 'и®ёж“ҚдҪңе‘ҳ', 'ROLE-OPERATOR', 'DEPT-FT', 'B', 1),
('USR-018', 'жӣ№ж“ҚдҪңе‘ҳ', 'ROLE-OPERATOR', 'DEPT-SAW', 'B', 1),
('USR-019', 'з”°ж“ҚдҪңе‘ҳ', 'ROLE-OPERATOR', 'DEPT-FT', 'A', 1),
('USR-020', 'жҪҳж“ҚдҪңе‘ҳ', 'ROLE-OPERATOR', 'DEPT-OQC', 'A', 1),
('USR-021', 'и’ӢеӣәеҢ–', 'ROLE-SUPERVISOR', 'DEPT-PMC', 'C', 1),
('USR-022', 'и”Ўжү“ж Ү', 'ROLE-SUPERVISOR', 'DEPT-LASER', 'A', 1),
('USR-023', 'иҙҫеҲҶжқЎ', 'ROLE-SUPERVISOR', 'DEPT-SING', 'B', 1),
('USR-024', 'дёҒж“ҚдҪңе‘ҳ', 'ROLE-OPERATOR', 'DEPT-PMC', 'C', 1),
('USR-025', 'йӯҸж“ҚдҪңе‘ҳ', 'ROLE-OPERATOR', 'DEPT-LASER', 'A', 1),
('USR-026', 'и–ӣж“ҚдҪңе‘ҳ', 'ROLE-OPERATOR', 'DEPT-SING', 'B', 1),
('USR-027', 'еҸ¶з»ҸзҗҶ', 'ROLE-MANAGER', 'DEPT-QA', 'A', 1),
('USR-028', 'йҳҺе·ҘзЁӢ', 'ROLE-ENG', 'DEPT-ENG', 'B', 1);

INSERT INTO `sys_user_permission` (`user_id`, `permission_code`) VALUES
('USR-001', 'admin.all'),
('USR-001', 'prod.wo.create'),
('USR-001', 'prod.lot.hold'),
('USR-001', 'prod.lot.release'),
('USR-001', 'prod.lot.scrap'),
('USR-001', 'prod.lot.rework'),
('USR-002', 'qa.inspection'),
('USR-002', 'qa.gate.release'),
('USR-002', 'prod.lot.hold'),
('USR-002', 'prod.lot.release'),
('USR-003', 'eng.route.manage'),
('USR-003', 'eng.recipe.manage'),
('USR-003', 'prod.lot.rework'),
('USR-003', 'prod.lot.scrap'),
('USR-004', 'wh.receive'),
('USR-004', 'wh.ship'),
('USR-004', 'prod.lot.pack'),
('USR-005', 'prod.trackin'),
('USR-005', 'prod.trackout'),
('USR-006', 'prod.trackin'),
('USR-006', 'prod.trackout'),
('USR-007', 'prod.trackin'),
('USR-007', 'prod.trackout'),
('USR-008', 'prod.trackin'),
('USR-008', 'prod.trackout'),
('USR-009', 'prod.trackin'),
('USR-009', 'prod.trackout'),
('USR-010', 'prod.trackin'),
('USR-010', 'prod.trackout'),
('USR-011', 'prod.trackin'),
('USR-011', 'prod.trackout'),
('USR-012', 'prod.trackin'),
('USR-012', 'prod.trackout'),
('USR-013', 'prod.wo.create'),
('USR-013', 'prod.wo.schedule'),
('USR-014', 'qa.oqc'),
('USR-014', 'qa.inspection'),
('USR-015', 'equip.maintenance'),
('USR-015', 'equip.status'),
('USR-016', 'prod.trackin'),
('USR-016', 'prod.trackout'),
('USR-017', 'prod.trackin'),
('USR-017', 'prod.trackout'),
('USR-018', 'prod.trackin'),
('USR-018', 'prod.trackout'),
('USR-019', 'prod.trackin'),
('USR-019', 'prod.trackout'),
('USR-020', 'prod.trackin'),
('USR-020', 'prod.trackout'),
('USR-021', 'prod.trackin'),
('USR-021', 'prod.trackout'),
('USR-022', 'prod.trackin'),
('USR-022', 'prod.trackout'),
('USR-023', 'prod.trackin'),
('USR-023', 'prod.trackout'),
('USR-024', 'prod.trackin'),
('USR-024', 'prod.trackout'),
('USR-025', 'prod.trackin'),
('USR-025', 'prod.trackout'),
('USR-026', 'prod.trackin'),
('USR-026', 'prod.trackout'),
('USR-027', 'qa.inspection'),
('USR-027', 'qa.gate.release'),
('USR-027', 'qa.mrb'),
('USR-028', 'eng.route.manage'),
('USR-028', 'eng.recipe.manage');

-- ============================================================
-- дәҢгҖҒдё»ж•°жҚ®
-- ============================================================

INSERT INTO `master_product` (`product_id`, `product_name`, `die_name`, `package_type`, `customer_id`, `customer_name`, `customer_pn`, `internal_pn`, `status`) VALUES
('PROD-QFN88', 'QFN-88 жҺ§еҲ¶еҷЁ', 'CTRL-2024', 'QFN', 'CUST-AUTO', 'жҹҗжұҪиҪҰз”өеӯҗ', 'AE-QFN88-001', 'PN-QFN88-STD', 'Active'),
('PROD-SOP16', 'SOP-16 з”өжәҗIC', 'PWR-500', 'SOP', 'CUST-IND', 'жҹҗе·Ҙдёҡе®ўжҲ·', 'IND-SOP16-002', 'PN-SOP16-STD', 'Active'),
('PROD-BGA256', 'BGA-256 еӨ„зҗҶеҷЁ', 'CPU-3000', 'BGA', 'CUST-AUTO', 'жҹҗжұҪиҪҰз”өеӯҗ', 'AE-BGA256-003', 'PN-BGA256-HI', 'Active'),
('PROD-QFN48', 'QFN-48 дј ж„ҹеҷЁ', 'SENS-100', 'QFN', 'CUST-CON', 'жҹҗж¶Ҳиҙ№з”өеӯҗ', 'CE-QFN48-004', 'PN-QFN48-STD', 'Active'),
('PROD-SOP8', 'SOP-8 MOSFET', 'MOS-200', 'SOP', 'CUST-IND', 'жҹҗе·Ҙдёҡе®ўжҲ·', 'IND-SOP8-005', 'PN-SOP8-STD', 'Active'),
('PROD-BGA64', 'BGA-64 еӯҳеӮЁеҷЁ', 'MEM-500', 'BGA', 'CUST-AUTO', 'жҹҗжұҪиҪҰз”өеӯҗ', 'AE-BGA64-006', 'PN-BGA64-STD', 'Active'),
('PROD-QFN64', 'QFN-64 й©ұеҠЁеҷЁ', 'DRV-300', 'QFN', 'CUST-AUTO', 'жҹҗжұҪиҪҰз”өеӯҗ', 'AE-QFN64-007', 'PN-QFN64-STD', 'Active'),
('PROD-SOP14', 'SOP-14 иҝҗж”ҫ', 'OP-100', 'SOP', 'CUST-CON', 'жҹҗж¶Ҳиҙ№з”өеӯҗ', 'CE-SOP14-008', 'PN-SOP14-STD', 'Active');

INSERT INTO `master_route` (`route_id`, `route_name`, `route_version`, `product_id`, `package_type`, `is_active`, `is_approved`, `approved_by`, `approved_at`) VALUES
('QFN-STD:2.0', 'QFN ж ҮеҮҶи·Ҝзәҝ', '2.0', 'PROD-QFN88', 'QFN', 1, 1, 'USR-003', DATE_SUB(NOW(), INTERVAL 30 DAY)),
('SOP-STD:1.0', 'SOP ж ҮеҮҶи·Ҝзәҝ', '1.0', 'PROD-SOP16', 'SOP', 1, 1, 'USR-003', DATE_SUB(NOW(), INTERVAL 60 DAY)),
('BGA-STD:1.0', 'BGA ж ҮеҮҶи·Ҝзәҝ', '1.0', 'PROD-BGA256', 'BGA', 1, 1, 'USR-003', DATE_SUB(NOW(), INTERVAL 45 DAY)),
('QFN48-STD:1.0', 'QFN-48 ж ҮеҮҶи·Ҝзәҝ', '1.0', 'PROD-QFN48', 'QFN', 1, 1, 'USR-003', DATE_SUB(NOW(), INTERVAL 20 DAY)),
('SOP8-STD:1.0', 'SOP-8 ж ҮеҮҶи·Ҝзәҝ', '1.0', 'PROD-SOP8', 'SOP', 1, 1, 'USR-003', DATE_SUB(NOW(), INTERVAL 90 DAY)),
('BGA64-STD:1.0', 'BGA-64 ж ҮеҮҶи·Ҝзәҝ', '1.0', 'PROD-BGA64', 'BGA', 1, 1, 'USR-003', DATE_SUB(NOW(), INTERVAL 15 DAY)),
('QFN64-STD:1.0', 'QFN-64 ж ҮеҮҶи·Ҝзәҝ', '1.0', 'PROD-QFN64', 'QFN', 1, 1, 'USR-003', DATE_SUB(NOW(), INTERVAL 25 DAY)),
('SOP14-STD:1.0', 'SOP-14 ж ҮеҮҶи·Ҝзәҝ', '1.0', 'PROD-SOP14', 'SOP', 1, 1, 'USR-003', DATE_SUB(NOW(), INTERVAL 40 DAY)),
('RW-DA:1.0', 'DieAttach йҮҚе·Ҙи·Ҝзәҝ', '1.0', 'PROD-QFN88', 'QFN', 1, 1, 'USR-003', DATE_SUB(NOW(), INTERVAL 15 DAY)),
('RW-WB:1.0', 'WireBond йҮҚе·Ҙи·Ҝзәҝ', '1.0', 'PROD-QFN88', 'QFN', 1, 1, 'USR-003', DATE_SUB(NOW(), INTERVAL 15 DAY)),
('RW-MOLD:1.0', 'Mold йҮҚе·Ҙи·Ҝзәҝ', '1.0', 'PROD-QFN88', 'QFN', 1, 1, 'USR-003', DATE_SUB(NOW(), INTERVAL 10 DAY));

INSERT INTO `master_route_step` (`route_id`, `step_seq`, `step_code`, `step_name`, `equipment_group`, `is_rework`) VALUES
('QFN-STD:2.0', 1, 'SAW', 'жҷ¶еңҶеҲҮеүІ', 'SAW', 0),
('QFN-STD:2.0', 2, 'DA', 'иҠҜзүҮиҙҙиЈ…', 'DA', 0),
('QFN-STD:2.0', 3, 'CURE', 'еӣәеҢ–', 'CURE', 0),
('QFN-STD:2.0', 4, 'WB', 'з„Ҡзәҝ', 'WB', 0),
('QFN-STD:2.0', 5, 'MOLD', 'еЎ‘е°Ғ', 'MOLD', 0),
('QFN-STD:2.0', 6, 'PMC', 'еҗҺеӣәеҢ–', 'PMC', 0),
('QFN-STD:2.0', 7, 'MARK', 'жҝҖе…үжү“ж Ү', 'LASER', 0),
('QFN-STD:2.0', 8, 'SING', 'еҲҮеүІеҲҶжқЎ', 'SING', 0),
('QFN-STD:2.0', 9, 'FT', 'жңҖз»ҲжөӢиҜ•', 'TEST', 0),
('QFN-STD:2.0', 10, 'OQC', 'еҮәиҙ§жЈҖйӘҢ', 'OQC', 0),
('QFN-STD:2.0', 11, 'PACK', 'еҢ…иЈ…е…Ҙеә“', 'PACK', 0),
('SOP-STD:1.0', 1, 'SAW', 'жҷ¶еңҶеҲҮеүІ', 'SAW', 0),
('SOP-STD:1.0', 2, 'DA', 'иҠҜзүҮиҙҙиЈ…', 'DA', 0),
('SOP-STD:1.0', 3, 'WB', 'з„Ҡзәҝ', 'WB', 0),
('SOP-STD:1.0', 4, 'MOLD', 'еЎ‘е°Ғ', 'MOLD', 0),
('SOP-STD:1.0', 5, 'MARK', 'жҝҖе…үжү“ж Ү', 'LASER', 0),
('SOP-STD:1.0', 6, 'SING', 'еҲҮеүІеҲҶжқЎ', 'SING', 0),
('SOP-STD:1.0', 7, 'FT', 'жңҖз»ҲжөӢиҜ•', 'TEST', 0),
('SOP-STD:1.0', 8, 'OQC', 'еҮәиҙ§жЈҖйӘҢ', 'OQC', 0),
('SOP-STD:1.0', 9, 'PACK', 'еҢ…иЈ…е…Ҙеә“', 'PACK', 0),
('BGA-STD:1.0', 1, 'SAW', 'жҷ¶еңҶеҲҮеүІ', 'SAW', 0),
('BGA-STD:1.0', 2, 'DA', 'иҠҜзүҮиҙҙиЈ…', 'DA', 0),
('BGA-STD:1.0', 3, 'CURE', 'еӣәеҢ–', 'CURE', 0),
('BGA-STD:1.0', 4, 'WB', 'з„Ҡзәҝ', 'WB', 0),
('BGA-STD:1.0', 5, 'MOLD', 'еЎ‘е°Ғ', 'MOLD', 0),
('BGA-STD:1.0', 6, 'PMC', 'еҗҺеӣәеҢ–', 'PMC', 0),
('BGA-STD:1.0', 7, 'BALL', 'жӨҚзҗғ', 'BALL', 0),
('BGA-STD:1.0', 8, 'REFLOW', 'еӣһжөҒз„Ҡ', 'REFLOW', 0),
('BGA-STD:1.0', 9, 'MARK', 'жҝҖе…үжү“ж Ү', 'LASER', 0),
('BGA-STD:1.0', 10, 'FT', 'жңҖз»ҲжөӢиҜ•', 'TEST', 0),
('BGA-STD:1.0', 11, 'OQC', 'еҮәиҙ§жЈҖйӘҢ', 'OQC', 0),
('BGA-STD:1.0', 12, 'PACK', 'еҢ…иЈ…е…Ҙеә“', 'PACK', 0),
('QFN48-STD:1.0', 1, 'SAW', 'жҷ¶еңҶеҲҮеүІ', 'SAW', 0),
('QFN48-STD:1.0', 2, 'DA', 'иҠҜзүҮиҙҙиЈ…', 'DA', 0),
('QFN48-STD:1.0', 3, 'WB', 'з„Ҡзәҝ', 'WB', 0),
('QFN48-STD:1.0', 4, 'MOLD', 'еЎ‘е°Ғ', 'MOLD', 0),
('QFN48-STD:1.0', 5, 'PMC', 'еҗҺеӣәеҢ–', 'PMC', 0),
('QFN48-STD:1.0', 6, 'MARK', 'жҝҖе…үжү“ж Ү', 'LASER', 0),
('QFN48-STD:1.0', 7, 'SING', 'еҲҮеүІеҲҶжқЎ', 'SING', 0),
('QFN48-STD:1.0', 8, 'FT', 'жңҖз»ҲжөӢиҜ•', 'TEST', 0),
('QFN48-STD:1.0', 9, 'OQC', 'еҮәиҙ§жЈҖйӘҢ', 'OQC', 0),
('QFN48-STD:1.0', 10, 'PACK', 'еҢ…иЈ…е…Ҙеә“', 'PACK', 0),
('SOP8-STD:1.0', 1, 'DA', 'иҠҜзүҮиҙҙиЈ…', 'DA', 0),
('SOP8-STD:1.0', 2, 'WB', 'з„Ҡзәҝ', 'WB', 0),
('SOP8-STD:1.0', 3, 'MOLD', 'еЎ‘е°Ғ', 'MOLD', 0),
('SOP8-STD:1.0', 4, 'MARK', 'жҝҖе…үжү“ж Ү', 'LASER', 0),
('SOP8-STD:1.0', 5, 'SING', 'еҲҮеүІеҲҶжқЎ', 'SING', 0),
('SOP8-STD:1.0', 6, 'FT', 'жңҖз»ҲжөӢиҜ•', 'TEST', 0),
('SOP8-STD:1.0', 7, 'OQC', 'еҮәиҙ§жЈҖйӘҢ', 'OQC', 0),
('SOP8-STD:1.0', 8, 'PACK', 'еҢ…иЈ…е…Ҙеә“', 'PACK', 0),
('BGA64-STD:1.0', 1, 'SAW', 'жҷ¶еңҶеҲҮеүІ', 'SAW', 0),
('BGA64-STD:1.0', 2, 'DA', 'иҠҜзүҮиҙҙиЈ…', 'DA', 0),
('BGA64-STD:1.0', 3, 'CURE', 'еӣәеҢ–', 'CURE', 0),
('BGA64-STD:1.0', 4, 'WB', 'з„Ҡзәҝ', 'WB', 0),
('BGA64-STD:1.0', 5, 'MOLD', 'еЎ‘е°Ғ', 'MOLD', 0),
('BGA64-STD:1.0', 6, 'PMC', 'еҗҺеӣәеҢ–', 'PMC', 0),
('BGA64-STD:1.0', 7, 'BALL', 'жӨҚзҗғ', 'BALL', 0),
('BGA64-STD:1.0', 8, 'FT', 'жңҖз»ҲжөӢиҜ•', 'TEST', 0),
('BGA64-STD:1.0', 9, 'OQC', 'еҮәиҙ§жЈҖйӘҢ', 'OQC', 0),
('BGA64-STD:1.0', 10, 'PACK', 'еҢ…иЈ…е…Ҙеә“', 'PACK', 0),
('QFN64-STD:1.0', 1, 'SAW', 'жҷ¶еңҶеҲҮеүІ', 'SAW', 0),
('QFN64-STD:1.0', 2, 'DA', 'иҠҜзүҮиҙҙиЈ…', 'DA', 0),
('QFN64-STD:1.0', 3, 'CURE', 'еӣәеҢ–', 'CURE', 0),
('QFN64-STD:1.0', 4, 'WB', 'з„Ҡзәҝ', 'WB', 0),
('QFN64-STD:1.0', 5, 'MOLD', 'еЎ‘е°Ғ', 'MOLD', 0),
('QFN64-STD:1.0', 6, 'PMC', 'еҗҺеӣәеҢ–', 'PMC', 0),
('QFN64-STD:1.0', 7, 'MARK', 'жҝҖе…үжү“ж Ү', 'LASER', 0),
('QFN64-STD:1.0', 8, 'SING', 'еҲҮеүІеҲҶжқЎ', 'SING', 0),
('QFN64-STD:1.0', 9, 'FT', 'жңҖз»ҲжөӢиҜ•', 'TEST', 0),
('QFN64-STD:1.0', 10, 'OQC', 'еҮәиҙ§жЈҖйӘҢ', 'OQC', 0),
('QFN64-STD:1.0', 11, 'PACK', 'еҢ…иЈ…е…Ҙеә“', 'PACK', 0),
('SOP14-STD:1.0', 1, 'DA', 'иҠҜзүҮиҙҙиЈ…', 'DA', 0),
('SOP14-STD:1.0', 2, 'WB', 'з„Ҡзәҝ', 'WB', 0),
('SOP14-STD:1.0', 3, 'MOLD', 'еЎ‘е°Ғ', 'MOLD', 0),
('SOP14-STD:1.0', 4, 'MARK', 'жҝҖе…үжү“ж Ү', 'LASER', 0),
('SOP14-STD:1.0', 5, 'SING', 'еҲҮеүІеҲҶжқЎ', 'SING', 0),
('SOP14-STD:1.0', 6, 'FT', 'жңҖз»ҲжөӢиҜ•', 'TEST', 0),
('SOP14-STD:1.0', 7, 'OQC', 'еҮәиҙ§жЈҖйӘҢ', 'OQC', 0),
('SOP14-STD:1.0', 8, 'PACK', 'еҢ…иЈ…е…Ҙеә“', 'PACK', 0),
('RW-DA:1.0', 1, 'DEBOND-DA', 'еҺ»иғ¶', 'DEBOND', 1),
('RW-DA:1.0', 2, 'CLEAN-DA', 'жё…жҙ—', 'CLEAN', 1),
('RW-DA:1.0', 3, 'DA', 'йҮҚж–°иҙҙзүҮ', 'DA', 1),
('RW-WB:1.0', 1, 'DEBOND-WB', 'еҺ»зәҝ', 'DEBOND', 1),
('RW-WB:1.0', 2, 'CLEAN-WB', 'жё…жҙ—', 'CLEAN', 1),
('RW-WB:1.0', 3, 'WB', 'йҮҚж–°з„Ҡзәҝ', 'WB', 1),
('RW-MOLD:1.0', 1, 'DECAP', 'еҺ»е°ҒиЈ…', 'DECAP', 1),
('RW-MOLD:1.0', 2, 'CLEAN-MOLD', 'жё…жҙ—', 'CLEAN', 1),
('RW-MOLD:1.0', 3, 'MOLD', 'йҮҚж–°еЎ‘е°Ғ', 'MOLD', 1);

INSERT INTO `master_equipment` (`equipment_id`, `equipment_name`, `equipment_group`, `equipment_type`, `status`, `location`, `responsible_person`, `last_maintenance_date`, `maintenance_interval_hours`, `running_hours`) VALUES
('SAW-001', 'еҲҮеүІжңә #1', 'SAW', 'DicingSaw', 'Available', 'Line A-01', 'еј е·Ҙ', DATE_SUB(NOW(), INTERVAL 7 DAY), 500, 120),
('SAW-002', 'еҲҮеүІжңә #2', 'SAW', 'DicingSaw', 'Running', 'Line A-02', 'еј е·Ҙ', DATE_SUB(NOW(), INTERVAL 3 DAY), 500, 350),
('SAW-003', 'еҲҮеүІжңә #3', 'SAW', 'DicingSaw', 'Available', 'Line A-03', 'еј е·Ҙ', DATE_SUB(NOW(), INTERVAL 10 DAY), 500, 80),
('SAW-004', 'еҲҮеүІжңә #4', 'SAW', 'DicingSaw', 'Maintenance', 'Line A-04', 'еј е·Ҙ', DATE_SUB(NOW(), INTERVAL 1 DAY), 500, 490),
('DA-001', 'иҙҙзүҮжңә #1', 'DA', 'DieBonder', 'Available', 'Line A-05', 'е‘Ёе·Ҙ', DATE_SUB(NOW(), INTERVAL 5 DAY), 400, 200),
('DA-002', 'иҙҙзүҮжңә #2', 'DA', 'DieBonder', 'Running', 'Line A-06', 'е‘Ёе·Ҙ', DATE_SUB(NOW(), INTERVAL 1 DAY), 400, 380),
('DA-003', 'иҙҙзүҮжңә #3', 'DA', 'DieBonder', 'Available', 'Line A-07', 'е‘Ёе·Ҙ', DATE_SUB(NOW(), INTERVAL 8 DAY), 400, 150),
('DA-004', 'иҙҙзүҮжңә #4', 'DA', 'DieBonder', 'Offline', 'Line A-08', 'е‘Ёе·Ҙ', DATE_SUB(NOW(), INTERVAL 20 DAY), 400, 395),
('WB-001', 'з„Ҡзәҝжңә #1', 'WB', 'WireBonder', 'Available', 'Line B-01', 'еҗҙе·Ҙ', DATE_SUB(NOW(), INTERVAL 10 DAY), 600, 150),
('WB-002', 'з„Ҡзәҝжңә #2', 'WB', 'WireBonder', 'Running', 'Line B-02', 'еҗҙе·Ҙ', DATE_SUB(NOW(), INTERVAL 2 DAY), 600, 420),
('WB-003', 'з„Ҡзәҝжңә #3', 'WB', 'WireBonder', 'Available', 'Line B-03', 'еҗҙе·Ҙ', DATE_SUB(NOW(), INTERVAL 15 DAY), 600, 50),
('WB-004', 'з„Ҡзәҝжңә #4', 'WB', 'WireBonder', 'Offline', 'Line B-04', 'еҗҙе·Ҙ', DATE_SUB(NOW(), INTERVAL 30 DAY), 600, 580),
('WB-005', 'з„Ҡзәҝжңә #5', 'WB', 'WireBonder', 'Available', 'Line B-05', 'еҗҙе·Ҙ', DATE_SUB(NOW(), INTERVAL 5 DAY), 600, 280),
('MOLD-001', 'еЎ‘е°Ғжңә #1', 'MOLD', 'MoldingPress', 'Available', 'Line B-06', 'йғ‘е·Ҙ', DATE_SUB(NOW(), INTERVAL 14 DAY), 800, 300),
('MOLD-002', 'еЎ‘е°Ғжңә #2', 'MOLD', 'MoldingPress', 'Running', 'Line B-07', 'йғ‘е·Ҙ', DATE_SUB(NOW(), INTERVAL 8 DAY), 800, 500),
('MOLD-003', 'еЎ‘е°Ғжңә #3', 'MOLD', 'MoldingPress', 'Available', 'Line B-08', 'йғ‘е·Ҙ', DATE_SUB(NOW(), INTERVAL 2 DAY), 800, 720),
('LASER-001', 'жҝҖе…үжү“ж Үжңә #1', 'LASER', 'LaserMark', 'Available', 'Line C-01', 'йҷҲе·Ҙ', DATE_SUB(NOW(), INTERVAL 20 DAY), 1000, 100),
('LASER-002', 'жҝҖе…үжү“ж Үжңә #2', 'LASER', 'LaserMark', 'Running', 'Line C-02', 'йҷҲе·Ҙ', DATE_SUB(NOW(), INTERVAL 12 DAY), 1000, 400),
('SING-001', 'еҲҮеүІеҲҶжқЎжңә #1', 'SING', 'TrimForm', 'Available', 'Line C-03', 'йҷҲе·Ҙ', DATE_SUB(NOW(), INTERVAL 6 DAY), 500, 250),
('SING-002', 'еҲҮеүІеҲҶжқЎжңә #2', 'SING', 'TrimForm', 'Running', 'Line C-04', 'йҷҲе·Ҙ', DATE_SUB(NOW(), INTERVAL 1 DAY), 500, 480),
('FT-001', 'жөӢиҜ•жңә #1', 'TEST', 'TestHandler', 'Available', 'Line C-05', 'йҷҲе·Ҙ', DATE_SUB(NOW(), INTERVAL 4 DAY), 300, 180),
('FT-002', 'жөӢиҜ•жңә #2', 'TEST', 'TestHandler', 'Running', 'Line C-06', 'йҷҲе·Ҙ', DATE_SUB(NOW(), INTERVAL 1 DAY), 300, 280),
('FT-003', 'жөӢиҜ•жңә #3', 'TEST', 'TestHandler', 'Available', 'Line C-07', 'йҷҲе·Ҙ', DATE_SUB(NOW(), INTERVAL 6 DAY), 300, 90),
('FT-004', 'жөӢиҜ•жңә #4', 'TEST', 'TestHandler', 'Maintenance', 'Line C-08', 'йҷҲе·Ҙ', DATE_SUB(NOW(), INTERVAL 1 DAY), 300, 295),
('OQC-001', 'еҮәиҙ§жЈҖйӘҢеҸ° #1', 'OQC', 'AOI', 'Available', 'Line D-01', 'жқҺе“ҒиҙЁ', DATE_SUB(NOW(), INTERVAL 30 DAY), 2000, 50),
('OQC-002', 'еҮәиҙ§жЈҖйӘҢеҸ° #2', 'OQC', 'AOI', 'Available', 'Line D-02', 'й’ұжЈҖйӘҢ', DATE_SUB(NOW(), INTERVAL 25 DAY), 2000, 80),
('BALL-001', 'жӨҚзҗғжңә #1', 'BALL', 'BallMount', 'Available', 'Line E-01', 'й©¬з»ҙжҠӨ', DATE_SUB(NOW(), INTERVAL 18 DAY), 700, 200),
('BALL-002', 'жӨҚзҗғжңә #2', 'BALL', 'BallMount', 'Running', 'Line E-02', 'й©¬з»ҙжҠӨ', DATE_SUB(NOW(), INTERVAL 5 DAY), 700, 450),
('REFLOW-001', 'еӣһжөҒз„Ҡ #1', 'REFLOW', 'ReflowOven', 'Available', 'Line E-03', 'й©¬з»ҙжҠӨ', DATE_SUB(NOW(), INTERVAL 22 DAY), 900, 150),
('REFLOW-002', 'еӣһжөҒз„Ҡ #2', 'REFLOW', 'ReflowOven', 'Running', 'Line E-04', 'й©¬з»ҙжҠӨ', DATE_SUB(NOW(), INTERVAL 10 DAY), 900, 600),
('CURE-001', 'еӣәеҢ–зӮү #1', 'CURE', 'CuringOven', 'Available', 'Line F-01', 'и’ӢеӣәеҢ–', DATE_SUB(NOW(), INTERVAL 15 DAY), 1000, 200),
('CURE-002', 'еӣәеҢ–зӮү #2', 'CURE', 'CuringOven', 'Running', 'Line F-02', 'и’ӢеӣәеҢ–', DATE_SUB(NOW(), INTERVAL 8 DAY), 1000, 500),
('PMC-001', 'еҗҺеӣәеҢ–зӮү #1', 'PMC', 'PostCureOven', 'Available', 'Line F-03', 'и’ӢеӣәеҢ–', DATE_SUB(NOW(), INTERVAL 12 DAY), 1200, 300),
('PMC-002', 'еҗҺеӣәеҢ–зӮү #2', 'PMC', 'PostCureOven', 'Running', 'Line F-04', 'и’ӢеӣәеҢ–', DATE_SUB(NOW(), INTERVAL 3 DAY), 1200, 800);

INSERT INTO `master_equipment_route` (`equipment_id`, `route_id`) VALUES
('SAW-001', 'QFN-STD:2.0'),
('SAW-002', 'QFN-STD:2.0'),
('SAW-003', 'QFN-STD:2.0'),
('DA-001', 'QFN-STD:2.0'),
('DA-002', 'QFN-STD:2.0'),
('DA-003', 'QFN-STD:2.0'),
('WB-001', 'QFN-STD:2.0'),
('WB-002', 'QFN-STD:2.0'),
('WB-003', 'QFN-STD:2.0'),
('MOLD-001', 'QFN-STD:2.0'),
('MOLD-002', 'QFN-STD:2.0'),
('MOLD-003', 'QFN-STD:2.0'),
('LASER-001', 'QFN-STD:2.0'),
('LASER-002', 'QFN-STD:2.0'),
('SING-001', 'QFN-STD:2.0'),
('SING-002', 'QFN-STD:2.0'),
('FT-001', 'QFN-STD:2.0'),
('FT-002', 'QFN-STD:2.0'),
('FT-003', 'QFN-STD:2.0'),
('OQC-001', 'QFN-STD:2.0'),
('OQC-002', 'QFN-STD:2.0'),
('SAW-001', 'SOP-STD:1.0'),
('SAW-002', 'SOP-STD:1.0'),
('DA-001', 'SOP-STD:1.0'),
('DA-003', 'SOP-STD:1.0'),
('WB-001', 'SOP-STD:1.0'),
('WB-002', 'SOP-STD:1.0'),
('MOLD-001', 'SOP-STD:1.0'),
('MOLD-002', 'SOP-STD:1.0'),
('LASER-001', 'SOP-STD:1.0'),
('SING-001', 'SOP-STD:1.0'),
('FT-001', 'SOP-STD:1.0'),
('FT-003', 'SOP-STD:1.0'),
('OQC-001', 'SOP-STD:1.0'),
('SAW-001', 'BGA-STD:1.0'),
('SAW-003', 'BGA-STD:1.0'),
('DA-001', 'BGA-STD:1.0'),
('DA-002', 'BGA-STD:1.0'),
('WB-001', 'BGA-STD:1.0'),
('WB-003', 'BGA-STD:1.0'),
('MOLD-001', 'BGA-STD:1.0'),
('MOLD-003', 'BGA-STD:1.0'),
('BALL-001', 'BGA-STD:1.0'),
('REFLOW-001', 'BGA-STD:1.0'),
('LASER-001', 'BGA-STD:1.0'),
('LASER-002', 'BGA-STD:1.0'),
('FT-001', 'BGA-STD:1.0'),
('FT-002', 'BGA-STD:1.0'),
('OQC-001', 'BGA-STD:1.0'),
('OQC-002', 'BGA-STD:1.0'),
('DA-001', 'RW-DA:1.0'),
('DA-002', 'RW-DA:1.0'),
('DA-003', 'RW-DA:1.0'),
('WB-001', 'RW-WB:1.0'),
('WB-002', 'RW-WB:1.0'),
('WB-003', 'RW-WB:1.0'),
('MOLD-001', 'RW-MOLD:1.0'),
('MOLD-002', 'RW-MOLD:1.0'),
('MOLD-003', 'RW-MOLD:1.0'),
('SAW-001', 'QFN48-STD:1.0'),
('SAW-002', 'QFN48-STD:1.0'),
('DA-001', 'QFN48-STD:1.0'),
('DA-003', 'QFN48-STD:1.0'),
('WB-001', 'QFN48-STD:1.0'),
('WB-002', 'QFN48-STD:1.0'),
('MOLD-001', 'QFN48-STD:1.0'),
('MOLD-002', 'QFN48-STD:1.0'),
('LASER-001', 'QFN48-STD:1.0'),
('SING-001', 'QFN48-STD:1.0'),
('FT-001', 'QFN48-STD:1.0'),
('FT-003', 'QFN48-STD:1.0'),
('SAW-001', 'BGA64-STD:1.0'),
('SAW-003', 'BGA64-STD:1.0'),
('DA-001', 'BGA64-STD:1.0'),
('DA-002', 'BGA64-STD:1.0'),
('WB-001', 'BGA64-STD:1.0'),
('WB-003', 'BGA64-STD:1.0'),
('MOLD-001', 'BGA64-STD:1.0'),
('MOLD-003', 'BGA64-STD:1.0'),
('BALL-001', 'BGA64-STD:1.0'),
('FT-001', 'BGA64-STD:1.0'),
('OQC-001', 'BGA64-STD:1.0'),
('SAW-001', 'QFN64-STD:1.0'),
('SAW-002', 'QFN64-STD:1.0'),
('DA-001', 'QFN64-STD:1.0'),
('DA-003', 'QFN64-STD:1.0'),
('WB-001', 'QFN64-STD:1.0'),
('WB-002', 'QFN64-STD:1.0'),
('MOLD-001', 'QFN64-STD:1.0'),
('MOLD-002', 'QFN64-STD:1.0'),
('LASER-001', 'QFN64-STD:1.0'),
('SING-001', 'QFN64-STD:1.0'),
('FT-001', 'QFN64-STD:1.0'),
('FT-002', 'QFN64-STD:1.0'),
('OQC-001', 'QFN64-STD:1.0'),
('DA-001', 'SOP8-STD:1.0'),
('DA-003', 'SOP8-STD:1.0'),
('WB-001', 'SOP8-STD:1.0'),
('WB-002', 'SOP8-STD:1.0'),
('MOLD-001', 'SOP8-STD:1.0'),
('MOLD-002', 'SOP8-STD:1.0'),
('LASER-001', 'SOP8-STD:1.0'),
('SING-001', 'SOP8-STD:1.0'),
('FT-001', 'SOP8-STD:1.0'),
('FT-003', 'SOP8-STD:1.0'),
('OQC-001', 'SOP8-STD:1.0'),
('DA-001', 'SOP14-STD:1.0'),
('DA-003', 'SOP14-STD:1.0'),
('WB-001', 'SOP14-STD:1.0'),
('WB-002', 'SOP14-STD:1.0'),
('MOLD-001', 'SOP14-STD:1.0'),
('MOLD-002', 'SOP14-STD:1.0'),
('LASER-001', 'SOP14-STD:1.0'),
('SING-001', 'SOP14-STD:1.0'),
('FT-001', 'SOP14-STD:1.0'),
('FT-003', 'SOP14-STD:1.0'),
('OQC-001', 'SOP14-STD:1.0');

INSERT INTO `master_carrier` (`carrier_id`, `carrier_type`, `status`, `capacity`, `use_count`, `max_use_count`, `location`) VALUES
('CARRIER-TRAY-001', 'Tray', 'Available', 500, 80, 1000, 'WH-A-01'),
('CARRIER-TRAY-002', 'Tray', 'Available', 500, 150, 1000, 'WH-A-02'),
('CARRIER-TRAY-003', 'Tray', 'InUse', 500, 200, 1000, 'Line A-05'),
('CARRIER-TRAY-004', 'Tray', 'Available', 500, 50, 1000, 'WH-A-03'),
('CARRIER-TRAY-005', 'Tray', 'Available', 500, 300, 1000, 'WH-A-04'),
('CARRIER-LEAD-001', 'LeadFrame', 'Available', 1000, 120, 2000, 'WH-B-01'),
('CARRIER-LEAD-002', 'LeadFrame', 'InUse', 1000, 250, 2000, 'Line B-01'),
('CARRIER-LEAD-003', 'LeadFrame', 'Available', 1000, 80, 2000, 'WH-B-02'),
('CARRIER-LEAD-004', 'LeadFrame', 'Available', 1000, 400, 2000, 'WH-B-03'),
('CARRIER-LEAD-005', 'LeadFrame', 'Available', 1000, 180, 2000, 'WH-B-04'),
('CARRIER-MAG-001', 'Magazine', 'Available', 200, 60, 500, 'WH-C-01'),
('CARRIER-MAG-002', 'Magazine', 'InUse', 200, 100, 500, 'Line C-05'),
('CARRIER-MAG-003', 'Magazine', 'Available', 200, 30, 500, 'WH-C-02'),
('CARRIER-MAG-004', 'Magazine', 'Available', 200, 150, 500, 'WH-C-03'),
('CARRIER-MAG-005', 'Magazine', 'Available', 200, 90, 500, 'WH-C-04');

-- master_recipe ж•°жҚ®е·ІжҸ’е…ҘпјҢи·іиҝҮ

INSERT INTO `master_yield_rule` (`rule_id`, `route_id`, `step_code`, `yield_threshold`, `action_type`, `notify_role`, `is_active`) VALUES
('YR-QFN-SAW', 'QFN-STD:2.0', 'SAW', 99.5, 'AutoHold', 'QA', 1),
('YR-QFN-DA', 'QFN-STD:2.0', 'DA', 99.0, 'AutoHold', 'QA', 1),
('YR-QFN-WB', 'QFN-STD:2.0', 'WB', 98.5, 'AutoHold', 'QA', 1),
('YR-QFN-MOLD', 'QFN-STD:2.0', 'MOLD', 99.0, 'AutoHold', 'QA', 1),
('YR-QFN-FT', 'QFN-STD:2.0', 'FT', 95.0, 'AutoHold', 'QA', 1),
('YR-SOP-SAW', 'SOP-STD:1.0', 'SAW', 99.5, 'AutoHold', 'QA', 1),
('YR-SOP-DA', 'SOP-STD:1.0', 'DA', 99.0, 'AutoHold', 'QA', 1),
('YR-SOP-WB', 'SOP-STD:1.0', 'WB', 98.5, 'AutoHold', 'QA', 1),
('YR-SOP-FT', 'SOP-STD:1.0', 'FT', 96.0, 'AutoHold', 'QA', 1),
('YR-BGA-SAW', 'BGA-STD:1.0', 'SAW', 99.8, 'AutoHold', 'QA', 1),
('YR-BGA-DA', 'BGA-STD:1.0', 'DA', 99.5, 'AutoHold', 'QA', 1),
('YR-BGA-WB', 'BGA-STD:1.0', 'WB', 99.0, 'AutoHold', 'QA', 1),
('YR-BGA-FT', 'BGA-STD:1.0', 'FT', 94.0, 'AutoHold', 'QA', 1),
('YR-QFN48-FT', 'QFN48-STD:1.0', 'FT', 95.5, 'AutoHold', 'QA', 1),
('YR-BGA64-FT', 'BGA64-STD:1.0', 'FT', 95.0, 'AutoHold', 'QA', 1),
('YR-QFN64-FT', 'QFN64-STD:1.0', 'FT', 95.5, 'AutoHold', 'QA', 1);

-- ============================================================
-- дёүгҖҒз”ҹдә§жү§иЎҢж•°жҚ®
-- ============================================================

INSERT INTO `prod_work_order` (`order_id`, `product_id`, `product_name`, `route_id`, `route_name`, `die_name`, `package_type`, `planned_qty`, `completed_qty`, `wafer_qty`, `unit_qty`, `customer_id`, `customer_name`, `customer_pn`, `internal_pn`, `priority`, `status`, `creator`, `planned_start_date`, `planned_end_date`, `actual_start_date`, `actual_end_date`, `target_cp_yield`, `target_ft_yield`, `remark`) VALUES
('WO-2026001', 'PROD-QFN88', 'QFN-88 жҺ§еҲ¶еҷЁ', 'QFN-STD:2.0', 'QFN ж ҮеҮҶи·Ҝзәҝ', 'CTRL-2024', 'QFN', 20000, 8000, 4, 20000, 'CUST-AUTO', 'жҹҗжұҪиҪҰз”өеӯҗ', 'AE-QFN88-001', 'PN-QFN88-STD', 'High', 'Processing', 'USR-013', DATE_SUB(NOW(), INTERVAL 5 DAY), DATE_ADD(NOW(), INTERVAL 10 DAY), DATE_SUB(NOW(), INTERVAL 4 DAY), NULL, 99.0, 98.0, 'жұҪиҪҰз”өеӯҗзҙ§жҖҘи®ўеҚ•'),
('WO-2026002', 'PROD-SOP16', 'SOP-16 з”өжәҗIC', 'SOP-STD:1.0', 'SOP ж ҮеҮҶи·Ҝзәҝ', 'PWR-500', 'SOP', 15000, 15000, 3, 15000, 'CUST-IND', 'жҹҗе·Ҙдёҡе®ўжҲ·', 'IND-SOP16-002', 'PN-SOP16-STD', 'Normal', 'Completed', 'USR-013', DATE_SUB(NOW(), INTERVAL 15 DAY), DATE_SUB(NOW(), INTERVAL 2 DAY), DATE_SUB(NOW(), INTERVAL 14 DAY), DATE_SUB(NOW(), INTERVAL 2 DAY), 99.0, 96.0, 'е·Іе®ҢжҲҗе·ҘеҚ•'),
('WO-2026003', 'PROD-BGA256', 'BGA-256 еӨ„зҗҶеҷЁ', 'BGA-STD:1.0', 'BGA ж ҮеҮҶи·Ҝзәҝ', 'CPU-3000', 'BGA', 5000, 2000, 2, 5000, 'CUST-AUTO', 'жҹҗжұҪиҪҰз”өеӯҗ', 'AE-BGA256-003', 'PN-BGA256-HI', 'High', 'Processing', 'USR-013', DATE_SUB(NOW(), INTERVAL 3 DAY), DATE_ADD(NOW(), INTERVAL 12 DAY), DATE_SUB(NOW(), INTERVAL 2 DAY), NULL, 99.5, 94.0, 'й«ҳз«ҜеӨ„зҗҶеҷЁи®ўеҚ•'),
('WO-2026004', 'PROD-QFN48', 'QFN-48 дј ж„ҹеҷЁ', 'QFN48-STD:1.0', 'QFN-48 ж ҮеҮҶи·Ҝзәҝ', 'SENS-100', 'QFN', 30000, 0, 6, 30000, 'CUST-CON', 'жҹҗж¶Ҳиҙ№з”өеӯҗ', 'CE-QFN48-004', 'PN-QFN48-STD', 'Normal', 'Created', 'USR-013', DATE_ADD(NOW(), INTERVAL 2 DAY), DATE_ADD(NOW(), INTERVAL 15 DAY), NULL, NULL, 99.0, 95.5, 'еҫ…ејҖе§Ӣе·ҘеҚ•'),
('WO-2026005', 'PROD-SOP8', 'SOP-8 MOSFET', 'SOP8-STD:1.0', 'SOP-8 ж ҮеҮҶи·Ҝзәҝ', 'MOS-200', 'SOP', 50000, 25000, 10, 50000, 'CUST-IND', 'жҹҗе·Ҙдёҡе®ўжҲ·', 'IND-SOP8-005', 'PN-SOP8-STD', 'Low', 'Processing', 'USR-013', DATE_SUB(NOW(), INTERVAL 8 DAY), DATE_ADD(NOW(), INTERVAL 5 DAY), DATE_SUB(NOW(), INTERVAL 7 DAY), NULL, 99.0, 96.0, 'еӨ§жү№йҮҸMOSFETи®ўеҚ•'),
('WO-2026006', 'PROD-BGA64', 'BGA-64 еӯҳеӮЁеҷЁ', 'BGA64-STD:1.0', 'BGA-64 ж ҮеҮҶи·Ҝзәҝ', 'MEM-500', 'BGA', 10000, 6000, 4, 10000, 'CUST-AUTO', 'жҹҗжұҪиҪҰз”өеӯҗ', 'AE-BGA64-006', 'PN-BGA64-STD', 'Normal', 'Processing', 'USR-013', DATE_SUB(NOW(), INTERVAL 6 DAY), DATE_ADD(NOW(), INTERVAL 8 DAY), DATE_SUB(NOW(), INTERVAL 5 DAY), NULL, 99.0, 95.0, 'еӯҳеӮЁеҷЁи®ўеҚ•'),
('WO-2026007', 'PROD-QFN64', 'QFN-64 й©ұеҠЁеҷЁ', 'QFN64-STD:1.0', 'QFN-64 ж ҮеҮҶи·Ҝзәҝ', 'DRV-300', 'QFN', 25000, 12000, 5, 25000, 'CUST-AUTO', 'жҹҗжұҪиҪҰз”өеӯҗ', 'AE-QFN64-007', 'PN-QFN64-STD', 'High', 'Processing', 'USR-013', DATE_SUB(NOW(), INTERVAL 4 DAY), DATE_ADD(NOW(), INTERVAL 9 DAY), DATE_SUB(NOW(), INTERVAL 3 DAY), NULL, 99.0, 95.5, 'й©ұеҠЁеҷЁзҙ§жҖҘи®ўеҚ•'),
('WO-2026008', 'PROD-SOP14', 'SOP-14 иҝҗж”ҫ', 'SOP14-STD:1.0', 'SOP-14 ж ҮеҮҶи·Ҝзәҝ', 'OP-100', 'SOP', 40000, 40000, 8, 40000, 'CUST-CON', 'жҹҗж¶Ҳиҙ№з”өеӯҗ', 'CE-SOP14-008', 'PN-SOP14-STD', 'Normal', 'Completed', 'USR-013', DATE_SUB(NOW(), INTERVAL 20 DAY), DATE_SUB(NOW(), INTERVAL 5 DAY), DATE_SUB(NOW(), INTERVAL 19 DAY), DATE_SUB(NOW(), INTERVAL 5 DAY), 99.0, 96.0, 'е·Іе®ҢжҲҗиҝҗж”ҫи®ўеҚ•');

INSERT INTO `prod_lot` (`lot_id`, `order_id`, `product_id`, `product_name`, `die_name`, `package_type`, `route_id`, `route_version`, `current_step_seq`, `current_step_code`, `status`, `original_qty`, `total_pass_qty`, `total_scrap_qty`, `total_rework_qty`, `total_hold_qty`, `is_rework_lot`, `carrier_type`, `carrier_id`) VALUES
('LOT-001', 'WO-2026001', 'PROD-QFN88', 'QFN-88 жҺ§еҲ¶еҷЁ', 'CTRL-2024', 'QFN', 'QFN-STD:2.0', '2.0', 4, 'WB', 'Processing', 5000, 3000, 200, 0, 0, 0, 'LeadFrame', 'CARRIER-LEAD-002'),
('LOT-002', 'WO-2026001', 'PROD-QFN88', 'QFN-88 жҺ§еҲ¶еҷЁ', 'CTRL-2024', 'QFN', 'QFN-STD:2.0', '2.0', 5, 'MOLD', 'Processing', 5000, 2800, 150, 0, 0, 0, 'Tray', 'CARRIER-TRAY-003'),
('LOT-003', 'WO-2026001', 'PROD-QFN88', 'QFN-88 жҺ§еҲ¶еҷЁ', 'CTRL-2024', 'QFN', 'QFN-STD:2.0', '2.0', 6, 'PMC', 'Waiting', 5000, 0, 0, 0, 0, 0, NULL, NULL),
('LOT-HOLD-001', 'WO-2026001', 'PROD-QFN88', 'QFN-88 жҺ§еҲ¶еҷЁ', 'CTRL-2024', 'QFN', 'QFN-STD:2.0', '2.0', 2, 'DA', 'Hold', 5000, 0, 300, 0, 500, 0, NULL, NULL),
('LOT-REWORK-001', 'WO-2026001', 'PROD-QFN88', 'QFN-88 жҺ§еҲ¶еҷЁ', 'CTRL-2024', 'QFN', 'RW-WB:1.0', '1.0', 1, 'DEBOND-WB', 'Processing', 5000, 0, 0, 500, 0, 1, NULL, NULL),
('LOT-004', 'WO-2026002', 'PROD-SOP16', 'SOP-16 з”өжәҗIC', 'PWR-500', 'SOP', 'SOP-STD:1.0', '1.0', 9, 'PACK', 'Completed', 5000, 4800, 100, 100, 0, 0, 'Magazine', 'CARRIER-MAG-002'),
('LOT-005', 'WO-2026002', 'PROD-SOP16', 'SOP-16 з”өжәҗIC', 'PWR-500', 'SOP', 'SOP-STD:1.0', '1.0', 9, 'PACK', 'Completed', 5000, 4750, 150, 100, 0, 0, 'Magazine', 'CARRIER-MAG-003'),
('LOT-006', 'WO-2026002', 'PROD-SOP16', 'SOP-16 з”өжәҗIC', 'PWR-500', 'SOP', 'SOP-STD:1.0', '1.0', 9, 'PACK', 'Completed', 5000, 4850, 80, 70, 0, 0, 'Magazine', 'CARRIER-MAG-004'),
('LOT-007', 'WO-2026003', 'PROD-BGA256', 'BGA-256 еӨ„зҗҶеҷЁ', 'CPU-3000', 'BGA', 'BGA-STD:1.0', '1.0', 4, 'WB', 'Processing', 2500, 1500, 50, 0, 0, 0, 'Tray', 'CARRIER-TRAY-001'),
('LOT-008', 'WO-2026003', 'PROD-BGA256', 'BGA-256 еӨ„зҗҶеҷЁ', 'CPU-3000', 'BGA', 'BGA-STD:1.0', '1.0', 5, 'MOLD', 'Processing', 2500, 1200, 30, 0, 0, 0, 'Tray', 'CARRIER-TRAY-002'),
('LOT-009', 'WO-2026005', 'PROD-SOP8', 'SOP-8 MOSFET', 'MOS-200', 'SOP', 'SOP8-STD:1.0', '1.0', 3, 'MOLD', 'Processing', 10000, 6000, 200, 0, 0, 0, 'LeadFrame', 'CARRIER-LEAD-001'),
('LOT-010', 'WO-2026005', 'PROD-SOP8', 'SOP-8 MOSFET', 'MOS-200', 'SOP', 'SOP8-STD:1.0', '1.0', 4, 'MARK', 'Processing', 10000, 5800, 150, 50, 0, 0, 'LeadFrame', 'CARRIER-LEAD-003'),
('LOT-011', 'WO-2026006', 'PROD-BGA64', 'BGA-64 еӯҳеӮЁеҷЁ', 'MEM-500', 'BGA', 'BGA64-STD:1.0', '1.0', 6, 'PMC', 'Processing', 5000, 3000, 100, 0, 0, 0, 'Tray', 'CARRIER-TRAY-004'),
('LOT-012', 'WO-2026007', 'PROD-QFN64', 'QFN-64 й©ұеҠЁеҷЁ', 'DRV-300', 'QFN', 'QFN64-STD:1.0', '1.0', 5, 'MOLD', 'Processing', 10000, 6000, 200, 0, 0, 0, 'Tray', 'CARRIER-TRAY-005'),
('LOT-013', 'WO-2026007', 'PROD-QFN64', 'QFN-64 й©ұеҠЁеҷЁ', 'DRV-300', 'QFN', 'QFN64-STD:1.0', '1.0', 7, 'MARK', 'Processing', 10000, 5500, 150, 350, 0, 0, 'LeadFrame', 'CARRIER-LEAD-004'),
('LOT-014', 'WO-2026008', 'PROD-SOP14', 'SOP-14 иҝҗж”ҫ', 'OP-100', 'SOP', 'SOP14-STD:1.0', '1.0', 8, 'PACK', 'Completed', 20000, 19500, 300, 200, 0, 0, 'Magazine', 'CARRIER-MAG-001'),
('LOT-015', 'WO-2026008', 'PROD-SOP14', 'SOP-14 иҝҗж”ҫ', 'OP-100', 'SOP', 'SOP14-STD:1.0', '1.0', 8, 'PACK', 'Completed', 20000, 19600, 250, 150, 0, 0, 'Magazine', 'CARRIER-MAG-005');

INSERT INTO `prod_lot_step` (`record_id`, `lot_id`, `route_id`, `route_version`, `step_seq`, `step_code`, `step_name`, `status`, `track_in_equipment`, `track_in_carrier`, `track_in_recipe`, `track_in_time`, `track_in_operator`, `track_out_time`, `track_out_operator`, `input_qty`, `pass_qty`, `fail_qty`, `scrap_qty`, `rework_qty`, `hold_qty`, `pending_qty`) VALUES
('RS-001-1', 'LOT-001', 'QFN-STD:2.0', '2.0', 1, 'SAW', 'жҷ¶еңҶеҲҮеүІ', 'Completed', 'SAW-001', NULL, 'REC-SAW-QFN88-001', DATE_SUB(NOW(), INTERVAL 4 DAY), 'USR-005', DATE_SUB(NOW(), INTERVAL 3 DAY), 'USR-010', 5000, 4900, 50, 50, 0, 0, 0),
('RS-001-2', 'LOT-001', 'QFN-STD:2.0', '2.0', 2, 'DA', 'иҠҜзүҮиҙҙиЈ…', 'Completed', 'DA-001', 'CARRIER-LEAD-002', 'REC-DA-QFN88-001', DATE_SUB(NOW(), INTERVAL 3 DAY), 'USR-006', DATE_SUB(NOW(), INTERVAL 2 DAY), 'USR-011', 4900, 4800, 50, 50, 0, 0, 0),
('RS-001-3', 'LOT-001', 'QFN-STD:2.0', '2.0', 3, 'CURE', 'еӣәеҢ–', 'Completed', 'CURE-001', 'CARRIER-LEAD-002', 'REC-CURE-QFN88-001', DATE_SUB(NOW(), INTERVAL 2 DAY), 'USR-021', DATE_SUB(NOW(), INTERVAL 1 DAY), 'USR-024', 4800, 4750, 30, 20, 0, 0, 0),
('RS-001-4', 'LOT-001', 'QFN-STD:2.0', '2.0', 4, 'WB', 'з„Ҡзәҝ', 'Processing', 'WB-002', 'CARRIER-LEAD-002', 'REC-WB-QFN88-001', DATE_SUB(NOW(), INTERVAL 1 DAY), 'USR-007', NULL, NULL, 4750, 3000, 100, 150, 0, 0, 1500),
('RS-001-5', 'LOT-001', 'QFN-STD:2.0', '2.0', 5, 'MOLD', 'еЎ‘е°Ғ', 'Waiting', NULL, NULL, NULL, NULL, NULL, NULL, NULL, 0, 0, 0, 0, 0, 0, 4750),
('RS-HOLD-1', 'LOT-HOLD-001', 'QFN-STD:2.0', '2.0', 1, 'SAW', 'жҷ¶еңҶеҲҮеүІ', 'Completed', 'SAW-002', NULL, 'REC-SAW-QFN88-002', DATE_SUB(NOW(), INTERVAL 5 DAY), 'USR-005', DATE_SUB(NOW(), INTERVAL 4 DAY), 'USR-018', 5000, 4850, 80, 70, 0, 0, 0),
('RS-HOLD-2', 'LOT-HOLD-001', 'QFN-STD:2.0', '2.0', 2, 'DA', 'иҠҜзүҮиҙҙиЈ…', 'Hold', 'DA-002', NULL, 'REC-DA-QFN88-002', DATE_SUB(NOW(), INTERVAL 4 DAY), 'USR-006', NULL, NULL, 4850, 0, 200, 300, 0, 500, 3850),
('RS-RW-1', 'LOT-REWORK-001', 'RW-WB:1.0', '1.0', 1, 'DEBOND-WB', 'еҺ»зәҝ', 'Processing', 'WB-001', NULL, NULL, DATE_SUB(NOW(), INTERVAL 1 DAY), 'USR-007', NULL, NULL, 5000, 0, 0, 0, 0, 0, 5000),
('RS-004-1', 'LOT-004', 'SOP-STD:1.0', '1.0', 1, 'SAW', 'жҷ¶еңҶеҲҮеүІ', 'Completed', 'SAW-001', NULL, 'REC-SAW-SOP16-001', DATE_SUB(NOW(), INTERVAL 14 DAY), 'USR-005', DATE_SUB(NOW(), INTERVAL 13 DAY), 'USR-010', 5000, 4920, 40, 40, 0, 0, 0),
('RS-004-2', 'LOT-004', 'SOP-STD:1.0', '1.0', 2, 'DA', 'иҠҜзүҮиҙҙиЈ…', 'Completed', 'DA-001', 'CARRIER-MAG-002', 'REC-DA-SOP16-001', DATE_SUB(NOW(), INTERVAL 13 DAY), 'USR-006', DATE_SUB(NOW(), INTERVAL 12 DAY), 'USR-011', 4920, 4850, 30, 40, 0, 0, 0),
('RS-004-3', 'LOT-004', 'SOP-STD:1.0', '1.0', 3, 'WB', 'з„Ҡзәҝ', 'Completed', 'WB-001', 'CARRIER-MAG-002', 'REC-WB-SOP16-001', DATE_SUB(NOW(), INTERVAL 12 DAY), 'USR-007', DATE_SUB(NOW(), INTERVAL 11 DAY), 'USR-012', 4850, 4780, 40, 30, 0, 0, 0),
('RS-004-4', 'LOT-004', 'SOP-STD:1.0', '1.0', 4, 'MOLD', 'еЎ‘е°Ғ', 'Completed', 'MOLD-001', 'CARRIER-MAG-002', 'REC-MOLD-SOP16-001', DATE_SUB(NOW(), INTERVAL 11 DAY), 'USR-008', DATE_SUB(NOW(), INTERVAL 10 DAY), 'USR-016', 4780, 4720, 30, 30, 0, 0, 0),
('RS-004-5', 'LOT-004', 'SOP-STD:1.0', '1.0', 5, 'MARK', 'жҝҖе…үжү“ж Ү', 'Completed', 'LASER-001', 'CARRIER-MAG-002', 'REC-MARK-SOP16-001', DATE_SUB(NOW(), INTERVAL 10 DAY), 'USR-022', DATE_SUB(NOW(), INTERVAL 9 DAY), 'USR-025', 4720, 4680, 20, 20, 0, 0, 0),
('RS-004-6', 'LOT-004', 'SOP-STD:1.0', '1.0', 6, 'SING', 'еҲҮеүІеҲҶжқЎ', 'Completed', 'SING-001', 'CARRIER-MAG-002', 'REC-SING-SOP16-001', DATE_SUB(NOW(), INTERVAL 9 DAY), 'USR-023', DATE_SUB(NOW(), INTERVAL 8 DAY), 'USR-026', 4680, 4640, 20, 20, 0, 0, 0),
('RS-004-7', 'LOT-004', 'SOP-STD:1.0', '1.0', 7, 'FT', 'жңҖз»ҲжөӢиҜ•', 'Completed', 'FT-001', 'CARRIER-MAG-002', 'REC-FT-SOP16-001', DATE_SUB(NOW(), INTERVAL 8 DAY), 'USR-009', DATE_SUB(NOW(), INTERVAL 7 DAY), 'USR-019', 4640, 4500, 100, 40, 100, 0, 0),
('RS-004-8', 'LOT-004', 'SOP-STD:1.0', '1.0', 8, 'OQC', 'еҮәиҙ§жЈҖйӘҢ', 'Completed', 'OQC-001', 'CARRIER-MAG-002', NULL, DATE_SUB(NOW(), INTERVAL 7 DAY), 'USR-014', DATE_SUB(NOW(), INTERVAL 6 DAY), 'USR-020', 4500, 4450, 50, 0, 0, 0, 0),
('RS-004-9', 'LOT-004', 'SOP-STD:1.0', '1.0', 9, 'PACK', 'еҢ…иЈ…е…Ҙеә“', 'Completed', NULL, 'CARRIER-MAG-002', NULL, DATE_SUB(NOW(), INTERVAL 6 DAY), 'USR-004', DATE_SUB(NOW(), INTERVAL 5 DAY), 'USR-004', 4450, 4400, 0, 50, 0, 0, 0);

INSERT INTO `prod_operation_history` (`operation_id`, `lot_id`, `order_id`, `operation_type`, `step_code`, `step_seq`, `equipment_id`, `carrier_id`, `recipe_id`, `operator_id`, `operator_name`, `input_qty`, `output_qty`, `scrap_qty`) VALUES
('OP-001', 'LOT-001', 'WO-2026001', 'TrackIn', 'SAW', 1, 'SAW-001', NULL, 'REC-SAW-QFN88-001', 'USR-005', 'еӯҷеҲҮеүІ', 5000, NULL, NULL),
('OP-002', 'LOT-001', 'WO-2026001', 'TrackOut', 'SAW', 1, 'SAW-001', NULL, 'REC-SAW-QFN88-001', 'USR-010', 'еҲҳж“ҚдҪңе‘ҳ', 5000, 4900, 50),
('OP-003', 'LOT-001', 'WO-2026001', 'TrackIn', 'DA', 2, 'DA-001', 'CARRIER-LEAD-002', 'REC-DA-QFN88-001', 'USR-006', 'е‘ЁиҙҙзүҮ', 4900, NULL, NULL),
('OP-004', 'LOT-001', 'WO-2026001', 'TrackOut', 'DA', 2, 'DA-001', 'CARRIER-LEAD-002', 'REC-DA-QFN88-001', 'USR-011', 'й»„ж“ҚдҪңе‘ҳ', 4900, 4800, 50),
('OP-005', 'LOT-HOLD-001', 'WO-2026001', 'TrackIn', 'DA', 2, 'DA-002', NULL, 'REC-DA-QFN88-002', 'USR-006', 'е‘ЁиҙҙзүҮ', 4850, NULL, NULL),
('OP-006', 'LOT-HOLD-001', 'WO-2026001', 'Hold', 'DA', 2, 'DA-002', NULL, NULL, 'USR-002', 'жқҺе“ҒиҙЁ', NULL, NULL, 300),
('OP-007', 'LOT-004', 'WO-2026002', 'TrackIn', 'SAW', 1, 'SAW-001', NULL, 'REC-SAW-SOP16-001', 'USR-005', 'еӯҷеҲҮеүІ', 5000, NULL, NULL),
('OP-008', 'LOT-004', 'WO-2026002', 'TrackOut', 'PACK', 9, NULL, 'CARRIER-MAG-002', NULL, 'USR-004', 'иөөд»“еӮЁ', 4450, 4400, 50),
('OP-009', 'LOT-REWORK-001', 'WO-2026001', 'Rework', 'DEBOND-WB', 1, 'WB-001', NULL, NULL, 'USR-007', 'еҗҙз„Ҡзәҝ', 5000, NULL, NULL),
('OP-010', 'LOT-007', 'WO-2026003', 'TrackIn', 'SAW', 1, 'SAW-003', NULL, 'REC-SAW-BGA256-001', 'USR-005', 'еӯҷеҲҮеүІ', 2500, NULL, NULL);

INSERT INTO `prod_audit_trail` (`audit_id`, `entity_type`, `entity_id`, `action`, `operator_id`, `operator_name`, `timestamp`, `before_state`, `after_state`, `reason`, `signature_level`) VALUES
('AUD-001', 'Lot', 'LOT-001', 'TrackIn', 'USR-005', 'еӯҷеҲҮеүІ', DATE_SUB(NOW(), INTERVAL 4 DAY), '{"status": "Waiting"}', '{"status": "Processing", "step": "SAW"}', 'жӯЈеёёжҠ•дә§', 0),
('AUD-002', 'Lot', 'LOT-001', 'TrackOut', 'USR-010', 'еҲҳж“ҚдҪңе‘ҳ', DATE_SUB(NOW(), INTERVAL 3 DAY), '{"step": "SAW", "status": "Processing"}', '{"step": "SAW", "status": "Completed", "pass_qty": 4900}', 'SAWе®ҢжҲҗ', 0),
('AUD-003', 'Lot', 'LOT-HOLD-001', 'Hold', 'USR-002', 'жқҺе“ҒиҙЁ', DATE_SUB(NOW(), INTERVAL 4 DAY), '{"status": "Processing"}', '{"status": "Hold", "hold_reason": "DAиүҜзҺҮејӮеёё"}', 'DAе·ҘеәҸиүҜзҺҮдҪҺдәҺйҳҲеҖј', 1),
('AUD-004', 'Lot', 'LOT-REWORK-001', 'Rework', 'USR-003', 'зҺӢе·ҘзЁӢ', DATE_SUB(NOW(), INTERVAL 1 DAY), '{"status": "Processing", "route": "QFN-STD:2.0"}', '{"status": "Processing", "route": "RW-WB:1.0"}', 'WBе·ҘеәҸйҮҚе·Ҙ', 1),
('AUD-005', 'Lot', 'LOT-004', 'Completed', 'USR-004', 'иөөд»“еӮЁ', DATE_SUB(NOW(), INTERVAL 5 DAY), '{"status": "Processing"}', '{"status": "Completed", "final_yield": 96.0}', 'е·ҘеҚ•е®ҢжҲҗе…Ҙеә“', 0),
('AUD-006', 'WorkOrder', 'WO-2026002', 'Completed', 'USR-013', 'дҪ•и®ЎеҲ’', DATE_SUB(NOW(), INTERVAL 2 DAY), '{"status": "Processing"}', '{"status": "Completed", "completed_qty": 15000}', 'е…ЁйғЁжү№ж¬Ўе®ҢжҲҗ', 0);

-- ============================================================
-- еӣӣгҖҒејӮеёёз®ЎзҗҶж•°жҚ®
-- ============================================================

INSERT INTO `prod_hold_record` (`hold_id`, `lot_id`, `hold_type`, `hold_reason_code`, `hold_reason`, `hold_qty`, `responsible_dept`, `owner`, `status`, `hold_by`, `hold_time`, `root_cause`, `corrective_action`, `disposition`, `release_by`, `release_time`) VALUES
('HOLD-001', 'LOT-HOLD-001', 'Quality', 'YIELD_LOW', 'DAе·ҘеәҸиүҜзҺҮдҪҺдәҺ99%йҳҲеҖј', 500, 'DEPT-QA', 'USR-002', 'Open', 'USR-002', DATE_SUB(NOW(), INTERVAL 4 DAY), 'еҫ…еҲҶжһҗ', NULL, NULL, NULL, NULL),
('HOLD-002', 'LOT-001', 'Quality', 'YIELD_WARN', 'WBе·ҘеәҸиүҜзҺҮйў„иӯҰ', 150, 'DEPT-QA', 'USR-002', 'Closed', 'USR-002', DATE_SUB(NOW(), INTERVAL 1 DAY), 'и®ҫеӨҮеҸӮж•°еҒҸз§»', 'и°ғж•ҙз„ҠзәҝеҸӮж•°', 'з»§з»ӯз”ҹдә§', 'USR-003', DATE_SUB(NOW(), INTERVAL 0 DAY)),
('HOLD-003', 'LOT-007', 'Equipment', 'EQUIP_FAULT', 'SAW-003и®ҫеӨҮејӮеёё', 200, 'DEPT-ENG', 'USR-015', 'Open', 'USR-015', DATE_SUB(NOW(), INTERVAL 2 DAY), 'еҫ…з»ҙдҝ®', NULL, NULL, NULL, NULL);

INSERT INTO `prod_scrap_record` (`scrap_id`, `lot_id`, `step_code`, `step_seq`, `scrap_qty`, `scrap_reason`, `scrap_reason_code`, `operator_id`, `scrap_time`, `approved_by`) VALUES
('SCRAP-001', 'LOT-001', 'SAW', 1, 50, 'еҲҮеүІеҒҸз§»', 'SC-001', 'USR-010', DATE_SUB(NOW(), INTERVAL 3 DAY), 'USR-005'),
('SCRAP-002', 'LOT-001', 'DA', 2, 50, 'иҙҙзүҮеҒҸз§»', 'SC-002', 'USR-011', DATE_SUB(NOW(), INTERVAL 2 DAY), 'USR-006'),
('SCRAP-003', 'LOT-HOLD-001', 'DA', 2, 300, 'иҠҜзүҮз ҙжҚҹ', 'SC-003', 'USR-011', DATE_SUB(NOW(), INTERVAL 4 DAY), 'USR-003'),
('SCRAP-004', 'LOT-004', 'FT', 7, 40, 'жөӢиҜ•дёҚиүҜ', 'SC-004', 'USR-019', DATE_SUB(NOW(), INTERVAL 7 DAY), 'USR-009'),
('SCRAP-005', 'LOT-007', 'SAW', 1, 70, 'еҲҮеүІиЈӮзә№', 'SC-001', 'USR-010', DATE_SUB(NOW(), INTERVAL 2 DAY), 'USR-005');

INSERT INTO `prod_rework_record` (`rework_id`, `lot_id`, `original_route_id`, `rework_route_id`, `from_step_code`, `target_step_code`, `rework_qty`, `rework_reason`, `operator_id`, `rework_count`, `approved_by`) VALUES
('RW-001', 'LOT-REWORK-001', 'QFN-STD:2.0', 'RW-WB:1.0', 'WB', 'DEBOND-WB', 5000, 'з„ҠзәҝжӢүеҠӣдёҚи¶і', 'USR-007', 1, 'USR-003'),
('RW-002', 'LOT-013', 'QFN64-STD:1.0', 'RW-MOLD:1.0', 'MOLD', 'DECAP', 350, 'еЎ‘е°Ғж°”жіЎ', 'USR-008', 1, 'USR-003');

-- ============================================================
-- дә”гҖҒиҝҪжәҜж•°жҚ®
-- ============================================================

INSERT INTO `prod_lot_split` (`split_id`, `mother_lot_id`, `child_lot_id`, `split_qty`, `split_reason`, `split_type`, `step_code`, `step_seq`, `operator_id`, `split_time`, `approved_by`) VALUES
('SPLIT-001', 'LOT-001', 'LOT-REWORK-001', 5000, 'WBйҮҚе·ҘжӢҶеҲҶ', 'Rework', 'WB', 4, 'USR-007', DATE_SUB(NOW(), INTERVAL 1 DAY), 'USR-003'),
('SPLIT-002', 'LOT-007', 'LOT-007-GRADE', 200, 'зӯүзә§жӢҶеҲҶ', 'Grade', 'SAW', 1, 'USR-005', DATE_SUB(NOW(), INTERVAL 2 DAY), 'USR-003');

INSERT INTO `prod_carrier_binding` (`binding_id`, `lot_id`, `step_code`, `step_seq`, `carrier_id`, `carrier_type`, `bind_time`, `operator_id`) VALUES
('BIND-001', 'LOT-001', 'DA', 2, 'CARRIER-LEAD-002', 'LeadFrame', DATE_SUB(NOW(), INTERVAL 3 DAY), 'USR-006'),
('BIND-002', 'LOT-001', 'WB', 4, 'CARRIER-LEAD-002', 'LeadFrame', DATE_SUB(NOW(), INTERVAL 1 DAY), 'USR-007'),
('BIND-003', 'LOT-002', 'MOLD', 5, 'CARRIER-TRAY-003', 'Tray', DATE_SUB(NOW(), INTERVAL 1 DAY), 'USR-008'),
('BIND-004', 'LOT-004', 'SAW', 1, 'CARRIER-MAG-002', 'Magazine', DATE_SUB(NOW(), INTERVAL 14 DAY), 'USR-005'),
('BIND-005', 'LOT-007', 'SAW', 1, 'CARRIER-TRAY-001', 'Tray', DATE_SUB(NOW(), INTERVAL 2 DAY), 'USR-005'),
('BIND-006', 'LOT-009', 'MOLD', 3, 'CARRIER-LEAD-001', 'LeadFrame', DATE_SUB(NOW(), INTERVAL 6 DAY), 'USR-008');

-- ============================================================
-- е…ӯгҖҒжҙҫе·ҘдёҺи°ғеәҰ
-- ============================================================

INSERT INTO `prod_dispatch_task` (`task_id`, `lot_id`, `order_id`, `product_id`, `step_code`, `step_name`, `step_seq`, `equipment_id`, `qty`, `priority`, `status`, `assigned_operator`, `created_at`) VALUES
('TASK-001', 'LOT-001', 'WO-2026001', 'PROD-QFN88', 'WB', 'з„Ҡзәҝ', 4, 'WB-002', 4750, 'High', 'Processing', 'USR-007', DATE_SUB(NOW(), INTERVAL 1 DAY)),
('TASK-002', 'LOT-001', 'WO-2026001', 'PROD-QFN88', 'MOLD', 'еЎ‘е°Ғ', 5, 'MOLD-001', 4750, 'High', 'Pending', NULL, DATE_SUB(NOW(), INTERVAL 1 DAY)),
('TASK-003', 'LOT-002', 'WO-2026001', 'PROD-QFN88', 'MOLD', 'еЎ‘е°Ғ', 5, 'MOLD-002', 2800, 'High', 'Processing', 'USR-008', DATE_SUB(NOW(), INTERVAL 1 DAY)),
('TASK-004', 'LOT-003', 'WO-2026001', 'PROD-QFN88', 'PMC', 'еҗҺеӣәеҢ–', 6, 'PMC-001', 5000, 'Normal', 'Pending', NULL, DATE_SUB(NOW(), INTERVAL 0 DAY)),
('TASK-005', 'LOT-007', 'WO-2026003', 'PROD-BGA256', 'WB', 'з„Ҡзәҝ', 4, 'WB-003', 2500, 'High', 'Pending', NULL, DATE_SUB(NOW(), INTERVAL 1 DAY)),
('TASK-006', 'LOT-009', 'WO-2026005', 'PROD-SOP8', 'MOLD', 'еЎ‘е°Ғ', 3, 'MOLD-001', 10000, 'Normal', 'Processing', 'USR-016', DATE_SUB(NOW(), INTERVAL 6 DAY)),
('TASK-007', 'LOT-011', 'WO-2026006', 'PROD-BGA64', 'PMC', 'еҗҺеӣәеҢ–', 6, 'PMC-002', 5000, 'Normal', 'Processing', 'USR-024', DATE_SUB(NOW(), INTERVAL 3 DAY)),
('TASK-008', 'LOT-012', 'WO-2026007', 'PROD-QFN64', 'MOLD', 'еЎ‘е°Ғ', 5, 'MOLD-003', 10000, 'High', 'Processing', 'USR-008', DATE_SUB(NOW(), INTERVAL 2 DAY));

-- ============================================================
-- дёғгҖҒиҙЁйҮҸз®ЎзҗҶ
-- ============================================================

INSERT INTO `quality_gate` (`gate_id`, `lot_id`, `step_code`, `gate_type`, `status`, `checker_id`, `check_result`, `checked_at`) VALUES
('GATE-001', 'LOT-004', 'FT', 'QA', 'Passed', 'USR-002', 'Pass', DATE_SUB(NOW(), INTERVAL 7 DAY)),
('GATE-002', 'LOT-004', 'OQC', 'QA', 'Passed', 'USR-014', 'Pass', DATE_SUB(NOW(), INTERVAL 6 DAY)),
('GATE-003', 'LOT-005', 'FT', 'QA', 'Passed', 'USR-002', 'Pass', DATE_SUB(NOW(), INTERVAL 6 DAY)),
('GATE-004', 'LOT-005', 'OQC', 'QA', 'Passed', 'USR-014', 'Pass', DATE_SUB(NOW(), INTERVAL 5 DAY)),
('GATE-005', 'LOT-014', 'FT', 'QA', 'Passed', 'USR-002', 'Pass', DATE_SUB(NOW(), INTERVAL 8 DAY)),
('GATE-006', 'LOT-014', 'OQC', 'QA', 'Passed', 'USR-014', 'Pass', DATE_SUB(NOW(), INTERVAL 7 DAY)),
('GATE-007', 'LOT-HOLD-001', 'DA', 'QA', 'Failed', 'USR-002', 'Fail', DATE_SUB(NOW(), INTERVAL 4 DAY));

INSERT INTO `quality_inspection` (`inspection_id`, `lot_id`, `step_code`, `inspection_type`, `result`, `inspector_id`, `inspection_time`) VALUES
('INSP-001', 'LOT-004', 'FT', 'FinalTest', 'Pass', 'USR-019', DATE_SUB(NOW(), INTERVAL 7 DAY)),
('INSP-002', 'LOT-004', 'OQC', 'OQC', 'Pass', 'USR-020', DATE_SUB(NOW(), INTERVAL 6 DAY)),
('INSP-003', 'LOT-HOLD-001', 'DA', 'InProcess', 'Fail', 'USR-002', DATE_SUB(NOW(), INTERVAL 4 DAY)),
('INSP-004', 'LOT-007', 'SAW', 'InProcess', 'Pass', 'USR-002', DATE_SUB(NOW(), INTERVAL 2 DAY)),
('INSP-005', 'LOT-014', 'FT', 'FinalTest', 'Pass', 'USR-019', DATE_SUB(NOW(), INTERVAL 8 DAY));

-- ============================================================
-- е…«гҖҒжҠҘиӯҰ
-- ============================================================

INSERT INTO `alarm_rule` (`rule_id`, `rule_name`, `rule_type`, `condition_expr`, `severity`, `notify_roles`, `is_active`) VALUES
('AR-001', 'иүҜзҺҮиҝҮдҪҺжҠҘиӯҰ', 'Yield', 'yield < 95%', 'Critical', 'ROLE-QA,ROLE-ENG', 1),
('AR-002', 'Holdи¶…ж—¶жҠҘиӯҰ', 'HoldTimeout', 'hold_duration > 24h', 'Warning', 'ROLE-QA,ROLE-MANAGER', 1),
('AR-003', 'йҳҹеҲ—и¶…ж—¶жҠҘиӯҰ', 'QueueTimeout', 'queue_duration > 4h', 'Warning', 'ROLE-SUPERVISOR', 1),
('AR-004', 'и®ҫеӨҮзҰ»зәҝжҠҘиӯҰ', 'Equipment', 'status = Offline', 'Warning', 'ROLE-ENG,ROLE-MAINT', 1),
('AR-005', 'йҮҚе·Ҙж¬Ўж•°и¶…йҷҗ', 'Yield', 'rework_count > 2', 'Critical', 'ROLE-QA,ROLE-ENG', 1);

INSERT INTO `alarm_record` (`alarm_id`, `rule_id`, `lot_id`, `equipment_id`, `alarm_type`, `severity`, `message`, `status`, `acknowledged_by`, `acknowledged_at`) VALUES
('ALARM-001', 'AR-001', 'LOT-HOLD-001', 'DA-002', 'Yield', 'Critical', 'LOT-HOLD-001 DAе·ҘеәҸиүҜзҺҮдҪҺдәҺ95%', 'Acknowledged', 'USR-002', DATE_SUB(NOW(), INTERVAL 4 DAY)),
('ALARM-002', 'AR-004', NULL, 'DA-004', 'Equipment', 'Warning', 'DA-004и®ҫеӨҮзҰ»зәҝи¶…иҝҮ20еӨ©', 'Active', NULL, NULL),
('ALARM-003', 'AR-004', NULL, 'WB-004', 'Equipment', 'Warning', 'WB-004и®ҫеӨҮзҰ»зәҝи¶…иҝҮ30еӨ©', 'Active', NULL, NULL),
('ALARM-004', 'AR-001', 'LOT-007', 'SAW-003', 'Yield', 'Warning', 'LOT-007 SAWе·ҘеәҸиүҜзҺҮ97.2%жҺҘиҝ‘йҳҲеҖј', 'Resolved', 'USR-002', DATE_SUB(NOW(), INTERVAL 1 DAY)),
('ALARM-005', 'AR-002', 'LOT-HOLD-001', NULL, 'HoldTimeout', 'Warning', 'LOT-HOLD-001 Holdи¶…иҝҮ24е°Ҹж—¶', 'Active', NULL, NULL);

-- ============================================================
-- д№қгҖҒе®ўжҲ·иҰҒжұӮ
-- ============================================================

INSERT INTO `customer_requirement` (`requirement_id`, `customer_id`, `customer_name`, `requirement_type`, `description`, `is_active`) VALUES
('REQ-001', 'CUST-AUTO', 'жҹҗжұҪиҪҰз”өеӯҗ', 'Quality', 'жұҪиҪҰз”өеӯҗиүҜзҺҮиҰҒжұӮ>=98%', 1),
('REQ-002', 'CUST-AUTO', 'жҹҗжұҪиҪҰз”өеӯҗ', 'Traceability', 'иҰҒжұӮе…Ёе·ҘеәҸиҝҪжәҜ', 1),
('REQ-003', 'CUST-IND', 'жҹҗе·Ҙдёҡе®ўжҲ·', 'Quality', 'е·Ҙдёҡзә§иүҜзҺҮиҰҒжұӮ>=96%', 1),
('REQ-004', 'CUST-CON', 'жҹҗж¶Ҳиҙ№з”өеӯҗ', 'Quality', 'ж¶Ҳиҙ№зә§иүҜзҺҮиҰҒжұӮ>=95%', 1),
('REQ-005', 'CUST-AUTO', 'жҹҗжұҪиҪҰз”өеӯҗ', 'Packaging', 'иҰҒжұӮйҳІйқҷз”өеҢ…иЈ…', 1);

-- ============================================================
-- еҚҒгҖҒжҠҘиЎЁдёҺеҪ’жЎЈ
-- ============================================================

INSERT INTO `report_production_daily` (`report_id`, `report_date`, `total_lots`, `completed_lots`, `wip_lots`, `hold_lots`, `total_input_qty`, `total_output_qty`, `total_scrap_qty`, `overall_yield`, `ft_yield`) VALUES
('RPT-001', DATE_SUB(CURDATE(), INTERVAL 1 DAY), 15, 3, 10, 2, 95000, 45000, 2500, 97.5, 96.2),
('RPT-002', DATE_SUB(CURDATE(), INTERVAL 2 DAY), 12, 2, 8, 2, 80000, 38000, 2000, 97.0, 95.8),
('RPT-003', DATE_SUB(CURDATE(), INTERVAL 3 DAY), 10, 4, 5, 1, 70000, 50000, 1500, 97.8, 96.5),
('RPT-004', DATE_SUB(CURDATE(), INTERVAL 4 DAY), 8, 3, 4, 1, 60000, 42000, 1200, 97.2, 96.0),
('RPT-005', DATE_SUB(CURDATE(), INTERVAL 5 DAY), 10, 2, 7, 1, 65000, 30000, 1800, 96.8, 95.5);

INSERT INTO `prod_lot_archive` (`lot_id`, `order_id`, `product_id`, `status`, `original_qty`, `total_pass_qty`, `total_scrap_qty`, `final_yield`, `completed_at`) VALUES
('LOT-004', 'WO-2026002', 'PROD-SOP16', 'Completed', 5000, 4800, 100, 96.0, DATE_SUB(NOW(), INTERVAL 5 DAY)),
('LOT-005', 'WO-2026002', 'PROD-SOP16', 'Completed', 5000, 4750, 150, 95.0, DATE_SUB(NOW(), INTERVAL 4 DAY)),
('LOT-006', 'WO-2026002', 'PROD-SOP16', 'Completed', 5000, 4850, 80, 97.0, DATE_SUB(NOW(), INTERVAL 3 DAY)),
('LOT-014', 'WO-2026008', 'PROD-SOP14', 'Completed', 20000, 19500, 300, 97.5, DATE_SUB(NOW(), INTERVAL 6 DAY)),
('LOT-015', 'WO-2026008', 'PROD-SOP14', 'Completed', 20000, 19600, 250, 98.0, DATE_SUB(NOW(), INTERVAL 5 DAY));

-- ============================================================
-- ж•°жҚ®з”ҹжҲҗе®ҢжҲҗ
-- ============================================================